<?xml version="1.0" encoding="UTF-8" ?>
<!DOCTYPE mapper
        PUBLIC "-//mybatis.org//DTD Mapper 3.0//EN"
        "http://mybatis.org/dtd/mybatis-3-mapper.dtd">
<mapper namespace="com.ruoyi.exam.mapper.QuestionMapper">

    <resultMap type="Question" id="QuestionResult">
        <result property="id" column="id"/>
        <result property="questionType" column="question_type"/>
        <result property="subjectId" column="subject_id"/>
        <result property="score" column="score"/>
        <result property="correct" column="correct"/>
        <result property="content" column="content"/>
        <result property="options" column="options"/>
        <result property="image" column="image"/>
    </resultMap>

    <sql id="selectQuestionVo">
        select id,
               question_type,
               subject_id,
               score,
               correct,
               content,
               options,
               image
        from t_question
    </sql>

    <select id="selectQuestionList" parameterType="Question" resultMap="QuestionResult">
        <include refid="selectQuestionVo"/>
        <where>
            <if test="id != null ">and id = #{id}</if>
            <if test="questionType != null ">and question_type = #{questionType}</if>
            <if test="subjectId != null ">and subject_id = #{subjectId}</if>
            <if test="content != null  and content != ''">and content like concat('%', #{content}, '%')</if>
        </where>
    </select>

    <select id="selectQuestionById" parameterType="Long" resultMap="QuestionResult">
        <include refid="selectQuestionVo"/>
        where id = #{id}
    </select>

    <select id="selectAllQuestions" resultMap="QuestionResult">
        SELECT id,
               question_type,
               content,
               options
        FROM t_question
        order by question_type asc
    </select>

    <select id="getBySubjectIds" resultMap="QuestionResult">
        SELECT
        id,
        question_type,
        subject_id,
        score,
        correct,
        content,
        options,
        image
        FROM
        t_question
        WHERE
        subject_id IN
        <foreach item="subjectId" collection="list" open="(" separator="," close=")">
            #{subjectId}
        </foreach>
        order by question_type asc
    </select>


    <insert id="insertQuestion" parameterType="Question" useGeneratedKeys="true" keyProperty="id">
        insert into t_question
        <trim prefix="(" suffix=")" suffixOverrides=",">
            <if test="questionType != null">question_type,</if>
            <if test="subjectId != null">subject_id,</if>
            <if test="score != null">score,</if>
            <if test="correct != null">correct,</if>
            <if test="content != null">content,</if>
            <if test="options != null">options,</if>
            <if test="image != null">image,</if>
        </trim>
        <trim prefix="values (" suffix=")" suffixOverrides=",">
            <if test="questionType != null">#{questionType},</if>
            <if test="subjectId != null">#{subjectId},</if>
            <if test="score != null">#{score},</if>
            <if test="correct != null">#{correct},</if>
            <if test="content != null">#{content},</if>
            <if test="options != null">#{options},</if>
            <if test="image != null">#{image},</if>
        </trim>
    </insert>

    <update id="updateQuestion" parameterType="Question">
        update t_question
        <trim prefix="SET" suffixOverrides=",">
            <if test="questionType != null">question_type = #{questionType},</if>
            <if test="subjectId != null">subject_id = #{subjectId},</if>
            <if test="score != null">score = #{score},</if>
            <if test="correct != null">correct = #{correct},</if>
            <if test="content != null">content = #{content},</if>
            <if test="options != null">options = #{options},</if>
            <if test="image != null">image = #{image},</if>
        </trim>
        where id = #{id}
    </update>

    <delete id="deleteQuestionById" parameterType="Long">
        delete
        from t_question
        where id = #{id}
    </delete>

    <delete id="deleteQuestionByIds" parameterType="String">
        delete from t_question where id in
        <foreach item="id" collection="array" open="(" separator="," close=")">
            #{id}
        </foreach>
    </delete>
</mapper>